State,SiteName,StationID,SiteID,Latitude,Longitude,Elevation,cbtt,
WA,BUMPING RIDGE,21C38S,375,46.81,-121.33,4610,BRGW,
WA,MORSE LAKE,21C17S,642,46.91,-121.48,5410,MLSW,
AK,ANCHOR RIVER DIVIDE ,51K05S,1062,59º 51',-151º 18',1653,,
AK,ANCHORAGE HILLSIDE ,49M22S,1070,61º 6',-149º 40',2080,,
AK,ATIGUN PASS ,49T03S,957,68º 7',-149º 28',4800,,
AK,BENTALIT LODGE ,50M05S,1086,61º 56',-150º 58',150,,
AK,CHISANA ,42N01S,1093,62º 4',-142º 2',3320,,
AK,COLDFOOT ,50S01S,958,67º 15',-150º 10',1040,,
AK,COOPER LAKE ,49L10S,959,60º 23',-149º 41',1200,,
AK,EAGLE SUMMIT ,45Q05S,960,65º 29',-145º 24',3650,,
AK,ESTHER ISLAND ,48L06S,1071,60º 47',-148º 5',50,,
AK,FORT YUKON ,45R01S,961,66º 34',-145º 14',430,,
AK,GOBBLERS KNOB ,50R04S,962,66º 44',-150º 40',2030,,
AK,GRANDVIEW ,49L09S,956,60º 36',-149º 3',1100,,
AK,GRANITE CRK ,45O04S,963,63º 56',-145º 23',1240,,
AK,GROUSE CREEK DIVIDE ,49L14S,964,60º 15',-149º 20',700,,
AK,IKALUKROK CREEK ,63T01S,965,68º 4',-163º 0',650,,
AK,IMNAVIAT CREEK ,49T01S,968,68º 37',-149º 18',3050,,
AK,INDEPENDENCE MINE ,49M26S,1091,61º 47',-149º 16',3550,,
AK,INDIAN PASS ,49M08S,946,61º 4',-149º 28',2350,,
AK,JOHNSON'S CAMP ,64P01S,1036,64º 33',-164º 17',25,,
AK,KACHEMAK CREEK ,50K07S,1063,59º 43',-150º 39',1660,,
AK,KANTISHNA ,50O01S,1072,63º 32',-150º 59',1550,,
AK,KENAI MOOSE PENS ,50L02S,966,60º 43',-150º 28',300,,
AK,LITTLE CHENA RIDGE ,46Q02S,947,65º 7',-146º 44',2000,,
AK,LONG LAKE ,33J01S,1001,58º 11',-133º 49',850,,
AK,MAY CREEK ,42M01S,1096,61º 20',-142º 42',1610,,
AK,MCNEIL CANYON ,51K14S,1003,59º 44',-151º 15',1320,,
AK,MIDDLE FORK BRADLEY ,50K05S,1064,59º 46',-150º 45',2300,,
AK,MONAHAN FLAT ,47O01S,1094,63º 18',-147º 38',2710,,
AK,MONUMENT CREEK ,45Q02S,949,65º 4',-145º 52',1850,,
AK,MORAINE ,48M04S,1035,61º 22',-148º 59',2100,,
AK,MT. ALYESKA ,49L01S,1103,60º 57',-149º 5',1540,,
AK,MT. EYAK ,45L01S,1073,60º 33',-145º 44',1405,,
AK,MT. RYAN ,46Q01S,948,65º 15',-146º 9',2800,,
AK,MUNSON RIDGE ,46P01S,950,64º 51',-146º 12',3100,,
AK,NUCHEK ,46L02S,1074,60º 19',-146º 39',50,,
AK,NUKA GLACIER ,50K06S,1037,59º 41',-150º 42',1250,,
AK,PARGON CREEK ,63P02S,986,64º 59',-163º 6',100,,
AK,POINT MACKENZIE ,50M03S,1002,61º 23',-150º 1',250,,
AK,PORT GRAHAM ,51K15S,987,59º 21',-151º 50',300,,
AK,PORT SAN JUAN ,48L05S,1075,60º 3',-148º 3',50,,
AK,ROCKY POINT ,63P01S,973,64º 32',-163º 25',250,,
AK,SEAL ISLAND ,47L01S,1087,60º 25',-147º 24',20,,
AK,STRAWBERRY REEF ,44L01S,1088,60º 13',-144º 51',30,,
AK,SUGARLOAF MTN ,46M04S,1095,61º 4',-146º 17',550,,
AK,SUMMIT CREEK ,49L19S,955,60º 37',-149º 31',1400,,
AK,SUSITNA VALLEY HIGH ,50N07S,967,62º 7',-150º 2',375,,
AK,TATITLEK ,46L01S,1076,60º 51',-146º 40',50,,
AK,TEUCHET CREEK ,45P03S,951,64º 56',-145º 31',1640,,
AK,TOKOSITNA VALLEY ,50N05S,1089,62º 37',-150º 46',850,,
AK,TURNAGAIN PASS ,49L13S,954,60º 46',-149º 10',1880,,
AK,UPPER CHENA ,44Q07S,952,65º 6',-144º 55',2850,,
AK,UPPER NOME CREEK ,46Q07S,1090,65º 22',-146º 35',2520,,
AK,UPPER TSAINA RIVER ,45M07S,1055,61º 11',-145º 38',1750,,
AZ,BAKER BUTTE ,11R06S,308,34º 27',-111º 24',7300,,
AZ,BAKER BUTTE SMT ,11R07S,1140,34º 27',-111º 22',7700,,
AZ,BALDY ,09S01S,310,33º 58',-109º 30',9125,,
AZ,BEAVER HEAD ,09S06S,902,33º 41',-109º 12',7990,,
AZ,BEAVER SPRING ,09N05S,1143,36º 19',-109º 3',9200,,
AZ,CHALENDER ,12P01S,1139,35º 15',-112º 3',7100,,
AZ,CORONADO TRAIL ,09S07S,416,33º 48',-109º 9',8400,,
AZ,FORT VALLEY ,11P02S,1121,35º 16',-111º 44',7350,,
AZ,FRY ,11P13S,488,35º 4',-111º 50',7200,,
AZ,HANNAGAN MEADOWS ,09S11S,511,33º 39',-109º 18',9020,,
AZ,HAPPY JACK ,11R05S,969,34º 44',-111º 24',7630,,
AZ,HEBER ,10R04S,519,34º 18',-110º 45',7640,,
AZ,MAVERICK FORK ,09S02S,617,33º 55',-109º 27',9200,,
AZ,MORMON MOUNTAIN ,11R03S,640,34º 56',-111º 31',7500,,
AZ,MORMON MTN SUMMIT ,11R12S,1125,34º 58',-111º 30',8500,,
AZ,NUTRIOSO ,09S04S,1127,33º 53',-109º 9',8500,,
AZ,PROMONTORY ,11R10S,705,34º 22',-111º 0',7930,,
AZ,SNOWSLIDE CANYON ,11P08S,927,35º 20',-111º 39',9730,,
AZ,WHITE HORSE LAKE ,12P02S,861,35º 8',-112º 8',7180,,
AZ,WILDCAT ,09S18S,866,33º 45',-109º 28',7850,,
AZ,WORKMAN CREEK ,10S01S,877,33º 48',-110º 55',6900,,
CA,ADIN MTN ,20H13S,301,41º 14',-120º 47',6190,,
CA,BLUE LAKES ,19L05S,356,38º 36',-119º 55',8057,,
CA,BURNSIDE LAKE ,19L41S,1051,38º 43',-119º 53',8129,,
CA,CARSON PASS ,19L45S,1067,38º 41',-119º 59',8353,,
CA,CEDAR PASS ,20H06S,391,41º 34',-120º 18',7030,,
CA,CROWDER FLAT ,20H02S,977,41º 53',-120º 45',5170,,
CA,CSS LAB ,20K31S,428,39º 19',-120º 22',6855,,
CA,DISMAL SWAMP ,20H12S,446,41º 59',-120º 10',7360,,
CA,EBBETTS PASS ,19L19S,462,38º 32',-119º 48',8765,,
CA,ECHO PEAK ,20L06S,463,38º 50',-120º 4',7670,,
CA,FALLEN LEAF ,20L10S,473,38º 56',-120º 3',6236,,
CA,FORESTDALE CREEK ,19L43S,1049,38º 40',-119º 57',8017,,
CA,HAGAN'S MEADOW ,19L03S,508,38º 51',-119º 56',7776,,
CA,HEAVENLY VALLEY ,19L24S,518,38º 55',-119º 54',8582,,
CA,HORSE MEADOW ,19L44S,1050,38º 50',-119º 53',8557,,
CA,INDEPENDENCE CAMP ,20K04S,539,39º 27',-120º 17',7003,,
CA,INDEPENDENCE CREEK ,20K03S,540,39º 29',-120º 16',6456,,
CA,INDEPENDENCE LAKE ,20K05S,541,39º 25',-120º 18',8352,,
CA,LEAVITT LAKE ,19L38S,574,38º 16',-119º 36',9617,,
CA,LEAVITT MEADOWS ,19L08S,575,38º 18',-119º 33',7198,,
CA,LOBDELL LAKE ,19L17S,587,38º 26',-119º 21',9233,,
CA,MONITOR PASS ,19L40S,633,38º 40',-119º 36',8310,,
CA,POISON FLAT ,19L06S,697,38º 30',-119º 37',7736,,
CA,RUBICON #2 ,20L02S,724,38º 59',-120º 7',7689,,
CA,SONORA PASS ,19L07S,771,38º 18',-119º 35',8827,,
CA,SPRATT CREEK ,19L39S,778,38º 39',-119º 49',6115,,
CA,SQUAW VALLEY G.C. ,20K30S,784,39º 11',-120º 15',8029,,
CA,SUMMIT MEADOW ,19L42S,1052,38º 23',-119º 32',9313,,
CA,TAHOE CITY CROSS ,20K27S,809,39º 10',-120º 9',6797,,
CA,TRUCKEE #2 ,20K13S,834,39º 18',-120º 11',6509,,
CA,VIRGINIA LAKES RIDGE,19L13S,846,38º 4',-119º 14',9445,,
CA,WARD CREEK #3 ,20K25S,848,39º 8',-120º 13',6655,,
CO,APISHAPA ,05M07S,303,37º 19',-105º 4',10000,,
CO,ARAPAHO RIDGE ,06J08S,1030,40º 21',-106º 22',10960,,
CO,ARROW ,05K06S,305,39º 54',-105º 45',9680,,
CO,BEAR LAKE ,05J39S,322,40º 18',-105º 38',9500,,
CO,BEAR RIVER ,07J03S,1061,40º 3',-107º 0',9080,,
CO,BEARTOWN ,07M32S,327,37º 42',-107º 30',11600,,
CO,BEAVER CK VILLAGE ,06K45S,1041,39º 35',-106º 30',8500,,
CO,BERTHOUD SUMMIT ,05K14S,335,39º 48',-105º 46',11300,,
CO,BISON LAKE ,07K12S,345,39º 45',-107º 21',10880,,
CO,BLACK MOUNTAIN ,05J28S,1161,40º 53',-105º 39',8920,,
CO,BRUMLEY ,06K40S,369,39º 5',-106º 32',10600,,
CO,BUCKSKIN JOE ,06K16S,938,39º 18',-106º 6',11150,,
CO,BUFFALO PARK ,06J18S,913,40º 13',-106º 35',9240,,
CO,BURRO MOUNTAIN ,07K02S,378,39º 52',-107º 35',9400,,
CO,BUTTE ,06L11S,380,38º 53',-106º 57',10160,,
CO,CASCADE ,07M05S,386,37º 39',-107º 48',8880,,
CO,CASCADE #2 ,07M35S,387,37º 39',-107º 48',8920,,
CO,CHAPMAN TUNNEL ,06K46S,1101,39º 15',-106º 37',10110,,
CO,COCHETOPA PASS ,06L06S,1059,38º 9',-106º 35',10020,,
CO,COLUMBINE ,06J03S,408,40º 23',-106º 36',9160,,
CO,COLUMBINE PASS ,08L02S,409,38º 25',-108º 22',9400,,
CO,COLUMBUS BASIN ,08M10S,904,37º 26',-108º 1',10785,,
CO,COPELAND LAKE ,05J18S,412,40º 12',-105º 34',8600,,
CO,COPPER MOUNTAIN ,06K24S,415,39º 29',-106º 10',10550,,
CO,CROSHO ,07J04S,426,40º 10',-107º 3',9100,,
CO,CULEBRA #2 ,05M03S,430,37º 12',-105º 11',10500,,
CO,CUMBRES TRESTLE ,06M22S,431,37º 1',-106º 27',10040,,
CO,DEADMAN HILL ,05J06S,438,40º 48',-105º 46',10220,,
CO,DRY LAKE ,06J01S,457,40º 32',-106º 46',8400,,
CO,ECHO LAKE ,05K27S,936,39º 39',-105º 35',10600,,
CO,EL DIENTE PEAK ,08M06S,465,37º 47',-108º 1',10000,,
CO,ELK RIVER ,06J15S,467,40º 50',-106º 58',8700,,
CO,ELLIOT RIDGE ,06K29S,1120,39º 51',-106º 25',10520,,
CO,FREMONT PASS ,06K08S,485,39º 22',-106º 11',11400,,
CO,GLEN COVE ,05L11S,1057,38º 52',-105º 4',11460,,
CO,GRAYBACK ,06M21S,1058,37º 28',-106º 32',11620,,
CO,GRIZZLY PEAK ,05K09S,505,39º 38',-105º 52',11100,,
CO,HAYDEN PASS ,05L12S,1102,38º 17',-105º 51',10720,,
CO,HOOSIER PASS ,06K01S,531,39º 21',-106º 3',11400,,
CO,HOURGLASS LAKE ,05J11S,1122,40º 34',-105º 37',9380,,
CO,IDARADO ,07M27S,538,37º 56',-107º 40',9800,,
CO,INDEPENDENCE PASS ,06K04S,542,39º 4',-106º 36',10600,,
CO,IVANHOE ,06K10S,547,39º 17',-106º 32',10400,,
CO,JACKWHACKER GULCH ,05K26S,935,39º 34',-105º 48',10960,,
CO,JOE WRIGHT ,05J37S,551,40º 31',-105º 53',10120,,
CO,JONES PASS ,05K21S,970,39º 45',-105º 54',10400,,
CO,KILN ,06K30S,556,39º 19',-106º 36',9600,,
CO,LAKE ELDORA ,05J41S,564,39º 56',-105º 35',9700,,
CO,LAKE IRENE ,05J10S,565,40º 24',-105º 49',10700,,
CO,LILY POND ,06M23S,580,37º 22',-106º 32',11000,,
CO,LIZARD HEAD PASS ,07M29S,586,37º 47',-107º 55',10200,,
CO,LONE CONE ,08M07S,589,37º 53',-108º 11',9600,,
CO,LONG DRAW RESV ,05J27S,1123,40º 30',-105º 45',9980,,
CO,LOST DOG ,06J38S,940,40º 48',-106º 44',9320,,
CO,LOVELAND BASIN ,05K05S,602,39º 40',-105º 54',11400,,
CO,LYNX PASS ,06J06S,607,40º 4',-106º 40',8880,,
CO,MANCOS ,08M02S,905,37º 25',-108º 10',10000,,
CO,MC CLURE PASS ,07K09S,618,39º 7',-107º 17',9500,,
CO,MCCOY PARK ,06K44S,1040,39º 36',-106º 32',9480,,
CO,MEDANO PASS ,05M16S,914,37º 51',-105º 26',9649,,
CO,MESA LAKES ,08K04S,622,39º 3',-108º 3',10000,,
CO,MICHIGAN CREEK ,05K28S,937,39º 26',-105º 54',10600,,
CO,MIDDLE CREEK ,07M21S,624,37º 37',-107º 2',11250,,
CO,MIDDLE FORK CAMP ,06K12S,1014,39º 47',-106º 1',8940,,
CO,MINERAL CREEK ,07M14S,629,37º 50',-107º 43',10040,,
CO,MOLAS LAKE ,07M12S,632,37º 44',-107º 41',10500,,
CO,MOON PASS ,06M26S,1124,37º 57',-106º 33',11140,,
CO,NAST LAKE ,06K06S,658,39º 17',-106º 36',8700,,
CO,NEVER SUMMER ,06J27S,1031,40º 24',-105º 57',10280,,
CO,NIWOT ,05J42S,663,40º 2',-105º 32',9910,,
CO,NORTH LOST TRAIL ,07K01S,669,39º 4',-107º 8',9200,,
CO,OVERLAND RES. ,07K14S,675,39º 5',-107º 38',9840,,
CO,PARK CONE ,06L02S,680,38º 49',-106º 35',9600,,
CO,PARK RESERVOIR ,07K06S,682,39º 2',-107º 52',9960,,
CO,PHANTOM VALLEY ,05J04S,688,40º 23',-105º 50',9030,,
CO,PORPHYRY CREEK ,06L03S,701,38º 29',-106º 20',10760,,
CO,RABBIT EARS ,06J09S,709,40º 22',-106º 44',9400,,
CO,RAWAH ,06J20S,1032,40º 42',-106º 0',9020,,
CO,RED MOUNTAIN PASS ,07M33S,713,37º 53',-107º 42',11200,,
CO,RIPPLE CREEK ,07J05S,717,40º 6',-107º 17',10340,,
CO,ROACH ,06J12S,718,40º 52',-106º 2',9700,,
CO,ROUGH AND TUMBLE ,06K43S,939,39º 1',-106º 4',10360,,
CO,SAINT ELMO ,06L05S,1100,38º 41',-106º 22',10540,,
CO,SARGENTS MESA ,06L13S,1128,38º 17',-106º 22',11530,,
CO,SCHOFIELD PASS ,07K11S,737,39º 0',-107º 2',10700,,
CO,SCOTCH CREEK ,08M08S,739,37º 38',-108º 0',9100,,
CO,SHARKSTOOTH ,08M04S,1060,37º 30',-108º 6',10720,,
CO,SLUMGULLION ,07M30S,762,37º 59',-107º 12',11440,,
CO,SOUTH COLONY ,05M13S,773,37º 58',-105º 32',10800,,
CO,SPUD MOUNTAIN ,07M11S,780,37º 41',-107º 46',10660,,
CO,STILLWATER CREEK ,05J12S,793,40º 13',-105º 55',8720,,
CO,STUMP LAKES ,07M34S,797,37º 28',-107º 37',11200,,
CO,SUMMIT RANCH ,06K14S,802,39º 43',-106º 9',9400,,
CO,TOWER ,06J29S,825,40º 32',-106º 40',10500,,
CO,TRAPPER LAKE ,07K13S,827,39º 59',-107º 14',9700,,
CO,TRINCHERA ,05M08S,829,37º 21',-105º 13',10860,,
CO,UNIVERSITY CAMP ,05J08S,838,40º 1',-105º 34',10300,,
CO,UPPER RIO GRANDE ,07M16S,839,37º 43',-107º 15',9400,,
CO,UPPER SAN JUAN ,06M03S,840,37º 29',-106º 50',10200,,
CO,UPPER TAYLOR ,06L14S,1141,38º 59',-106º 45',10640,,
CO,UTE CREEK ,05M17S,1005,37º 36',-105º 22',10650,,
CO,VAIL MOUNTAIN ,06K39S,842,39º 37',-106º 22',10300,,
CO,VALLECITO ,07M31S,843,37º 29',-107º 30',10880,,
CO,WEMINUCHE CREEK ,07M36S,1160,37º 31',-107º 19',10740,,
CO,WHISKEY CK ,05M14S,857,37º 12',-105º 7',10220,,
CO,WILD BASIN ,05J05S,1042,40º 12',-105º 36',9560,,
CO,WILLOW CREEK PASS ,06J05S,869,40º 20',-106º 5',9540,,
CO,WILLOW PARK ,05J40S,870,40º 25',-105º 44',10700,,
CO,WOLF CREEK SUMMIT ,06M17S,874,37º 28',-106º 48',11000,,
CO,ZIRKEL ,06J19S,1033,40º 47',-106º 35',9340,,
ID,ATLANTA SUMMIT ,15F04S,306,43º 45',-115º 14',7580,ATAI,
ID,BANNER SUMMIT ,15E11S,312,44º 18',-115º 14',7040,BASI,
ID,BEAR BASIN ,16E11S,319,44º 57',-116º 8',5350,BRBI,
ID,BEAR CANYON ,13F03S,320,43º 44',-113º 56',7900,BECI,
ID,BEAR MOUNTAIN ,16A08S,323,48º 18',-116º 4',5400,BRMI,
ID,BEAR SADDLE ,16E10S,324,44º 36',-116º 58',6180,BSDI,
ID,BIG CREEK SUMMIT ,15E02S,338,44º 37',-115º 47',6580,BKSI,
ID,BOGUS BASIN ,16F02S,978,43º 45',-116º 5',6340,,
ID,BOSTETTER R.S. ,14G01S,359,42º 9',-114º 11',7500,BTRI,
ID,BRUNDAGE RESERVOIR ,16D09S,370,45º 2',-116º 7',6250,BRRI,
ID,CAMAS CREEK DIVIDE ,15F09S,382,43º 15',-115º 20',5710,CCDI,
ID,CHOCOLATE GULCH ,14F19S,895,43º 46',-114º 25',6440,LSHI,
ID,COOL CREEK ,15C16S,411,46º 45',-115º 17',6280,COLI,
ID,COZY COVE ,15E08S,423,44º 17',-115º 39',5380,COZI,
ID,CRAB CREEK ,11E37S,424,44º 26',-111º 59',6860,CRBI,
ID,CRATER MEADOWS ,15C09S,425,46º 33',-115º 17',5960,CRAI,
ID,DEADWOOD SUMMIT ,15E04S,439,44º 32',-115º 33',6860,DDSI,
ID,DOLLARHIDE SUMMIT ,14F08S,450,43º 36',-114º 40',8420,DHDI,
ID,ELK BUTTE ,16C20S,466,46º 50',-116º 7',5690,ELBI,
ID,EMIGRANT SUMMIT ,11G06S,471,42º 21',-111º 33',7390,EMSI,
ID,FRANKLIN BASIN ,11G32S,484,42º 3',-111º 36',8085,FBNI,
ID,GALENA ,14F17S,489,43º 52',-114º 40',7470,GLNI,
ID,GALENA SUMMIT ,14F12S,490,43º 52',-114º 42',8780,GLSI,
ID,GARFIELD R.S. ,13F04S,492,43º 36',-113º 55',6560,GARI,
ID,GIVEOUT ,11G33S,493,42º 24',-111º 9',6930,GIVI,
ID,GRAHAM GUARD STA. ,15F14S,496,43º 57',-115º 16',5690,GGSI,
ID,HEMLOCK BUTTE ,15C06S,520,46º 28',-115º 38',5810,HEMI,
ID,HIDDEN LAKE ,16A12S,988,48º 53',-116º 45',5040,,
ID,HILTS CREEK ,13E27S,524,44º 1',-113º 28',8000,HLTI,
ID,HOWELL CANYON ,13G01S,534,42º 19',-113º 36',7980,HWCI,
ID,HUMBOLDT GULCH ,15B21S,535,47º 31',-115º 46',4250,HUGI,
ID,HYNDMAN ,14F16S,537,43º 42',-114º 9',7440,HYNI,
ID,ISLAND PARK ,11E10S,546,44º 25',-111º 23',6290,ISPI,
ID,JACKSON PEAK ,15E09S,550,44º 3',-115º 26',7070,JKPI,
ID,LOLO PASS ,14C05S,588,46º 38',-114º 34',5240,LPSI,
ID,LONG VALLEY ,16E18S,1016,44º 47',-116º 5',4890,,
ID,LOOKOUT ,15B02S,594,47º 27',-115º 42',5140,LKTI,
ID,LOST LAKE ,15B14S,600,47º 4',-115º 57',6110,LSLI,
ID,LOST-WOOD DIVIDE ,14F03S,601,43º 49',-114º 15',7900,LWDI,
ID,MAGIC MOUNTAIN ,14G02S,610,42º 10',-114º 17',6880,MGMI,
ID,MEADOW LAKE ,13E18S,620,44º 26',-113º 19',9150,MDLI,
ID,MICA CREEK ,16B14S,623,47º 9',-116º 16',4510,MCKI,
ID,MILL CREEK SUMMIT ,14E01S,627,44º 28',-114º 29',8800,MLKI,
ID,MOONSHINE ,13E06S,636,44º 24',-113º 23',7440,MNSI,
ID,MOOSE CREEK ,13D16S,638,45º 40',-113º 57',6200,MOKI,
ID,MORES CREEK SUMMIT ,15F01S,637,43º 55',-115º 39',6100,MRKI,
ID,MORGAN CREEK ,14E04S,639,44º 50',-114º 16',7600,MRGI,
ID,MOSCOW MOUNTAIN ,16C02S,989,46º 48',-116º 51',4700,,
ID,MOSQUITO RIDGE ,16A04S,645,48º 3',-116º 13',5200,MOQI,
ID,MOUNTAIN MEADOWS ,15D06S,650,45º 41',-115º 13',6360,MTMI,
ID,MUD FLAT ,16G07S,654,42º 36',-116º 33',5730,MDFI,
ID,MYRTLE CREEK ,16A14S,1053,48º 43',-116º 27',3520,,
ID,ORCHARD RANGE SITE ,16F07S,674,43º 19',-115º 59',3200,,
ID,OXFORD SPRING ,12G18S,677,42º 15',-112º 7',6740,OXSI,
ID,PIERCE R.S. ,15C05S,1142,46º 29',-115º 47',3080,,
ID,PINE CREEK PASS ,11F02S,695,43º 34',-111º 12',6720,PCPI,
ID,PRAIRIE ,15F06S,704,43º 30',-115º 34',4800,PRAI,
ID,RAGGED MOUNTAIN ,17B06S,1081,47º 51',-117º 2',4210,,
ID,REYNOLDS CREEK ,16F08S,2029,43º 4',-116º 45',5600,,
ID,SAVAGE PASS ,14C04S,735,46º 27',-114º 37',6170,SVPI,
ID,SCHWARTZ LAKE ,13E16S,915,44º 50',-113º 50',8540,,
ID,SCHWEITZER BASIN ,16A10S,738,48º 22',-116º 38',6090,STZI,
ID,SECESH SUMMIT ,15D01S,740,45º 11',-115º 58',6520,SCSI,
ID,SEDGWICK PEAK ,11G30S,741,42º 31',-111º 57',7850,SEPI,
ID,SHANGHI SUMMIT ,15C04S,747,46º 33',-115º 44',4570,SHAI,
ID,SHEEP MTN. ,11F11S,749,43º 12',-111º 41',6570,SPMI,
ID,SHERWIN ,16C01S,752,46º 57',-116º 20',3200,SHWI,
ID,SLUG CREEK DIVIDE ,11G05S,761,42º 33',-111º 17',7225,SLGI,
ID,SMILEY MOUNTAIN ,13F13S,926,43º 43',-113º 50',9520,,
ID,SOLDIER R.S. ,14F11S,769,43º 29',-114º 49',5740,SCKI,
ID,SOMSEN RANCH ,11G01S,770,42º 57',-111º 21',6800,SORI,
ID,SOUTH MTN. ,16G01S,774,42º 45',-116º 54',6500,SMTI,
ID,SQUAW FLAT ,16E05S,782,44º 46',-116º 14',6240,SQFI,
ID,STICKNEY MILL ,14F02S,792,43º 51',-114º 12',7430,STMI,
ID,SUNSET ,15B09S,803,47º 33',-115º 49',5540,SNSI,
ID,SWEDE PEAK ,13F09S,805,43º 37',-113º 58',7640,SWPI,
ID,TRINITY MTN. ,15F05S,830,43º 37',-115º 26',7770,TRMI,
ID,VAN WYCK ,16E14S,979,44º 22',-116º 20',4920,,
ID,VIENNA MINE ,14F04S,845,43º 47',-114º 51',8960,VNNI,
ID,WEST BRANCH ,16D08S,855,45º 4',-116º 27',5560,WBRI,
ID,WHITE ELEPHANT ,11E36S,860,44º 31',-111º 24',7710,WHEI,
ID,WILDHORSE DIVIDE ,12G17S,867,42º 45',-112º 28',6490,WHDI,
ID,WILSON CREEK ,15G02S,871,42º 0',-115º 0',7120,WLCI,
MT,ALBRO LAKE ,11D28S,916,45º 35',-111º 57',8300,,
MT,ASHLEY DIVIDE ,14A19S,1165,48º 12',-114º 30',4820,,
MT,BADGER PASS ,13A15S,307,48º 7',-113º 1',6900,BADM,
MT,BANFIELD MOUNTAIN ,15A08S,311,48º 34',-115º 26',5600,BANM,
MT,BARKER LAKES ,13C44S,313,46º 5',-113º 7',8250,,
MT,BASIN CREEK ,12D09S,315,45º 47',-112º 31',7180,,
MT,BEAGLE SPRINGS ,12E08S,318,44º 28',-112º 58',8850,BEAM,
MT,BEAVER CREEK ,11E38S,328,44º 56',-111º 21',7850,BEVM,
MT,BISSON CREEK ,13B25S,346,47º 41',-113º 59',4920,BISM,
MT,BLACK BEAR ,11E35S,347,44º 30',-111º 7',8170,BLBM,
MT,BLACK PINE ,13C13S,349,46º 24',-113º 25',7210,,
MT,BLACKTAIL MTN ,14B04S,1144,47º 58',-114º 15',5650,,
MT,BLOODY DICK ,13D10S,355,45º 9',-113º 30',7600,BLOM,
MT,BOULDER MOUNTAIN ,11C01S,360,46º 33',-111º 17',7950,,
MT,BOX CANYON ,10D31S,363,45º 16',-110º 14',6670,,
MT,BRACKETT CREEK ,10D35S,365,45º 53',-110º 56',7320,,
MT,BURNT MTN ,09D21S,981,45º 14',-109º 27',5880,,
MT,CALVERT CREEK ,13D26S,381,45º 53',-113º 19',6430,,
MT,CARROT BASIN ,11E29S,385,44º 57',-111º 17',9000,,
MT,CLOVER MEADOW ,11D08S,403,45º 1',-111º 50',8600,,
MT,COLE CREEK ,09D16S,407,45º 11',-109º 20',7850,,
MT,COMBINATION ,13C33S,410,46º 27',-113º 23',5600,,
MT,COPPER BOTTOM ,12B16S,413,47º 3',-112º 35',5200,COPM,
MT,COPPER CAMP ,12B14S,414,47º 4',-112º 43',6950,CPCM,
MT,CRYSTAL LAKE ,09C01S,427,46º 47',-109º 30',6050,,
MT,DAISY PEAK ,10C15S,919,46º 40',-110º 19',7600,,
MT,DALY CREEK ,13C39S,433,46º 11',-113º 51',5780,,
MT,DARKHORSE LAKE ,13D19S,436,45º 10',-113º 35',8600,DHLM,
MT,DEADMAN CREEK ,10C09S,437,46º 47',-110º 40',6450,,
MT,DIVIDE ,12E07S,448,44º 47',-112º 3',7800,,
MT,DUPUYER CREEK ,12A02S,458,48º 3',-112º 45',5750,DPYM,
MT,EAST BOULDER MINE ,10D39S,1105,45º 30',-110º 4',6335,,
MT,ELK PEAK ,10C27S,1106,46º 29',-110º 42',7600,,
MT,EMERY CREEK ,13A24S,469,48º 26',-113º 56',4350,EMCM,
MT,FISHER CREEK ,09D06S,480,45º 3',-109º 56',9100,,
MT,FLATTOP MTN. ,13A19S,482,48º 48',-113º 51',6300,FTMM,
MT,FROHNER MEADOW ,12C13S,487,46º 26',-112º 11',6480,,
MT,GARVER CREEK ,15A05S,918,48º 58',-115º 49',4250,GVRM,
MT,GRAVE CREEK ,14A11S,500,48º 54',-114º 45',4300,GRCM,
MT,HAND CREEK ,14A14S,510,48º 18',-114º 50',5035,HANM,
MT,HAWKINS LAKE ,15A03S,516,48º 58',-115º 57',6450,HAWM,
MT,HOODOO BASIN ,15C10S,530,46º 58',-115º 2',6050,HOOM,
MT,KRAFT CREEK ,13B22S,562,47º 25',-113º 46',4750,KRCM,
MT,LAKEVIEW RIDGE ,11E03S,568,44º 35',-111º 49',7400,LVRM,
MT,LEMHI RIDGE ,13E23S,576,44º 59',-113º 26',8100,LMHM,
MT,LICK CREEK ,10D13S,578,45º 30',-110º 57',6860,,
MT,LINDSAY 1 ,04B02S,581,47º 12',-105º 11',2871,,
MT,LONE MOUNTAIN ,11D19S,590,45º 16',-111º 25',8880,BSKM,
MT,LOWER TWIN ,11D11S,603,45º 30',-111º 55',7900,,
MT,LUBRECHT FLUME ,13C38S,604,46º 52',-113º 19',4680,,
MT,MADISON PLATEAU ,11E31S,609,44º 35',-111º 6',7750,MPLM,
MT,MANY GLACIER ,13A27S,613,48º 47',-113º 40',4900,MANM,
MT,MONUMENT PEAK ,10D12S,635,45º 13',-110º 14',8850,,
MT,MOSS PEAK ,13B24S,646,47º 41',-113º 57',6780,MSPM,
MT,MOUNT LOCKHART ,12B12S,649,47º 55',-112º 49',6400,MTKM,
MT,MULE CREEK ,12D11S,656,45º 24',-112º 57',8300,,
MT,N FK ELK CREEK ,13C31S,657,46º 52',-113º 16',6250,,
MT,NEVADA RIDGE ,12C22S,903,46º 50',-112º 30',7020,,
MT,NEZ PERCE CAMP ,14D02S,662,45º 43',-114º 28',5650,NZCM,
MT,NOISY BASIN ,13A25S,664,48º 9',-113º 56',6040,NOIM,
MT,NORTH FORK JOCKO ,13B07S,667,47º 16',-113º 45',6330,NFJM,
MT,NORTHEAST ENTRANCE ,10D07S,670,45º 0',-110º 0',7350,,
MT,ONION PARK ,10C22S,1008,46º 54',-110º 51',7410,,
MT,PETERSON MEADOWS ,13C36S,930,46º 7',-113º 18',7200,,
MT,PICKFOOT CREEK ,11C02S,690,46º 34',-111º 16',6650,,
MT,PIKE CREEK ,13A26S,693,48º 18',-113º 19',5930,PICM,
MT,PLACER BASIN ,10D24S,696,45º 25',-110º 5',8830,,
MT,POORMAN CREEK ,15A12S,932,48º 7',-115º 37',5100,PORM,
MT,PORCUPINE ,10C03S,700,46º 6',-110º 28',6500,,
MT,ROCKER PEAK ,12C11S,722,46º 21',-112º 15',8000,,
MT,ROCKY BOY ,09A01S,917,48º 10',-109º 38',4700,,
MT,S FORK SHIELDS ,10C08S,725,46º 5',-110º 26',8100,,
MT,SACAJAWEA ,10D10S,929,45º 52',-110º 55',6550,,
MT,SADDLE MTN. ,13D22S,727,45º 41',-113º 58',7940,SDMM,
MT,SHORT CREEK ,11E39S,753,44º 58',-111º 57',7000,,
MT,SHOWER FALLS ,10D16S,754,45º 24',-110º 57',8100,,
MT,SKALKAHO SUMMIT ,13C03S,760,46º 14',-113º 46',7250,,
MT,SLEEPING WOMAN ,14B05S,783,47º 10',-114º 20',6150,SQPM,
MT,SPUR PARK ,10C06S,781,46º 46',-110º 37',8100,,
MT,STAHL PEAK ,14A12S,787,48º 54',-114º 51',6030,STAM,
MT,STRINGER CREEK ,10C23S,1009,46º 55',-110º 54',6550,,
MT,STUART MOUNTAIN ,13C01S,901,46º 59',-113º 55',7400,STTM,
MT,TABLE MOUNTAIN ,11D26S,808,45º 48',-111º 35',4474,,
MT,TEPEE CREEK ,11E24S,813,44º 47',-111º 42',8000,TPEM,
MT,TIZER BASIN ,11C04S,893,46º 20',-111º 51',6880,,
MT,TWELVEMILE CREEK ,14C13S,835,46º 8',-114º 26',5600,TMCM,
MT,TWIN LAKES ,14C12S,836,46º 8',-114º 30',6400,TWLM,
MT,WALDRON ,12B13S,847,47º 55',-112º 47',5600,WALM,
MT,WARM SPRINGS ,13C43S,850,46º 16',-113º 9',7800,,
MT,WEST YELLOWSTONE ,11E07S,924,44º 39',-111º 5',6700,,
MT,WHISKEY CREEK ,11E30S,858,44º 36',-111º 8',6800,WSKM,
MT,WHITE MILL ,09D08S,862,45º 2',-109º 54',8700,,
MT,WOOD CREEK ,12B17S,876,47º 26',-112º 48',5960,WODM,
NM,BATEMAN ,06N04S,316,36º 30',-106º 19',9300,,
NM,CHAMITA ,06N03S,394,36º 57',-106º 39',8400,,
NM,ELK CABIN ,05P04S,921,35º 42',-105º 48',8210,,
NM,FRISCO DIVIDE ,08S01S,486,33º 44',-108º 56',8000,,
NM,GALLEGOS PEAK ,05N18S,491,36º 11',-105º 33',9800,,
NM,HOPEWELL ,06N14S,532,36º 42',-106º 15',10000,,
NM,LOOKOUT MOUNTAIN ,07S04S,595,33º 21',-107º 49',8500,,
NM,MCKNIGHT CABIN ,07S03S,1048,33º 0',-107º 52',9240,,
NM,NAVAJO WHISKEY CK ,08N03S,1138,36º 10',-108º 56',9050,,
NM,NORTH COSTILLA ,05N16S,665,36º 59',-105º 15',10600,,
NM,PALO ,05N13S,1170,36º 24',-105º 19',9350,,
NM,QUEMAZON ,06P01S,708,35º 55',-106º 23',9500,,
NM,RED RIVER PASS #2 ,05N11S,715,36º 41',-105º 20',9850,,
NM,REDONDO SADDLE ,06P11S,1173,35º 53',-106º 33',10600,,
NM,RICE PARK ,08P03S,933,35º 13',-108º 16',8460,,
NM,SAN ANTONIO SINK ,06N15S,1172,36º 51',-106º 13',9100,,
NM,SANTA FE ,05P09S,922,35º 46',-105º 46',11445,,
NM,SENORITA DIVIDE #2 ,06P10S,744,36º 0',-106º 50',8600,,
NM,SHUREE ,05N23S,1169,36º 47',-105º 14',10100,,
NM,SIERRA BLANCA ,05R01S,1034,33º 24',-105º 47',10280,,
NM,SIGNAL PEAK ,08T01S,755,32º 55',-108º 8',8360,,
NM,SILVER CREEK DIVIDE ,08S08S,757,33º 22',-108º 42',9000,,
NM,TAOS POWDERHORN ,05N14S,1168,36º 34',-105º 27',11057,,
NM,TOLBY ,05N19S,934,36º 28',-105º 11',10180,,
NM,TRES RITOS ,05N04S,1083,36º 7',-105º 31',8600,,
NM,VACAS LOCAS ,06N16S,1017,36º 1',-106º 48',9306,,
NM,WESNER SPRINGS ,05P08S,854,35º 46',-105º 32',11120,,
NV,BEAR CREEK ,15H01S,321,41º 50',-115º 27',8040,BERN,
NV,BERRY CREEK ,14K02S,334,39º 19',-114º 37',9100,,
NV,BIG BEND ,15H04S,336,41º 45',-115º 41',6700,BIGN,
NV,BIG CREEK SUM ,17K04S,337,39º 17',-117º 6',8695,,
NV,BIG MEADOW ,19K08S,340,39º 27',-119º 56',8249,,
NV,BRISTLECONE TRAIL ,15N09S,1111,36º 18',-115º 41',8979,,
NV,BUCKSKIN LOWER ,17H02S,373,41º 45',-117º 31',6915,,
NV,CORRAL CANYON ,15J12S,417,40º 16',-115º 32',8500,,
NV,DIAMOND PEAK ,15K03S,443,39º 33',-115º 50',8033,,
NV,DISASTER PEAK ,18H01S,445,41º 58',-118º 11',6500,DSPN,
NV,DORSEY BASIN ,15J01S,453,40º 53',-115º 12',8100,,
NV,DRAW CREEK ,15H24S,454,41º 39',-115º 19',7200,DRCN,
NV,FAWN CREEK ,16H08S,476,41º 49',-116º 6',7000,FWCN,
NV,GRANITE PEAK ,17H08S,498,41º 40',-117º 33',8543,,
NV,GREEN MOUNTAIN ,15J09S,503,40º 23',-115º 31',8000,,
NV,HOLE-IN-MOUNTAIN ,15J15S,527,40º 56',-115º 5',7900,,
NV,JACK CREEK UPPER ,16H02S,548,41º 32',-116º 0',7250,JCUN,
NV,JACKS PEAK ,16H04S,549,41º 31',-116º 0',8420,JAPN,
NV,LAMANCE CREEK ,17H07S,569,41º 30',-117º 37',6000,,
NV,LAMOILLE #3 ,15J06S,570,40º 38',-115º 22',7700,,
NV,LAUREL DRAW ,16H05S,573,41º 46',-116º 1',6697,LADN,
NV,LEE CANYON ,15N10S,1112,36º 18',-115º 40',8626,,
NV,LEWIS PEAK ,16J01S,1006,40º 21',-116º 51',7400,,
NV,MARLETTE LAKE ,19K04S,615,39º 9',-119º 53',7880,,
NV,MT ROSE SKI AREA ,19K07S,652,39º 18',-119º 53',8801,,
NV,POLE CREEK R.S. ,15H14S,698,41º 52',-115º 14',8330,PRSN,
NV,RAINBOW CANYON ,15N11S,1110,36º 14',-115º 37',7975,,
NV,SEVENTYSIX CREEK ,15H03S,746,41º 44',-115º 28',7100,SSCN,
NV,SHELDON ,19H05S,750,41º 54',-119º 26',5860,,
NV,TAYLOR CANYON ,15H09S,811,41º 13',-116º 1',6200,TACN,
NV,TOE JAM ,16H07S,1136,41º 19',-116º 20',7750,,
NV,VACARRO SPRING ,15K04S,1137,39º 26',-115º 59',7860,,
NV,WARD MOUNTAIN ,14K05S,849,39º 7',-114º 57',9200,,
NV,WHEELER PEAK ,14L04S,1147,39º 0',-114º 18',10147,,
OR,ANEROID LAKE #2 ,17D02S,302,45º 12',-117º 11',7400,ANRO,
OR,ANNIE SPRINGS ,22G06S,1000,42º 52',-122º 9',6010,,
OR,ARBUCKLE MTN ,19D02S,304,45º 11',-119º 15',5770,ARBO,
OR,BEAR GRASS ,22E10S,1166,44º 19',-122º 5',4710,,
OR,BEAVER RESERVOIR ,18D09S,331,45º 8',-118º 13',5150,BVRO,
OR,BIG RED MOUNTAIN ,22G21S,341,42º 3',-122º 51',6050,BRMO,
OR,BIGELOW CAMP ,23G15S,343,42º 4',-123º 20',5130,BGCO,
OR,BILLIE CREEK DIVIDE ,22G13S,344,42º 24',-122º 15',5280,BCDO,
OR,BLAZED ALDER ,21D33S,351,45º 25',-121º 51',3650,BLAO,
OR,BLUE MOUNTAIN SPRING,18E16S,357,44º 14',-118º 31',5870,BLPO,
OR,BOURNE ,18E05S,361,44º 49',-118º 11',5850,BORO,
OR,BOWMAN SPRINGS ,18D20S,362,45º 21',-118º 28',4530,BMSO,
OR,CASCADE SUMMIT ,22F03S,388,43º 35',-122º 3',5100,CSTO,
OR,CHEMULT ALTERNATE ,21F22S,395,43º 13',-121º 48',4850,CHUO,
OR,CLACKAMAS LAKE ,21D13S,398,45º 5',-121º 45',3400,CLLO,
OR,CLEAR LAKE ,21D12S,401,45º 11',-121º 41',3810,CLKO,
OR,COLD SPRINGS CAMP ,22G24S,406,42º 31',-122º 10',5940,CSCO,
OR,COUNTY LINE ,18D08S,422,45º 11',-118º 33',4830,COLO,
OR,CRAZYMAN FLAT ,20G12S,1010,42º 38',-120º 56',6180,,
OR,DALY LAKE ,22E08S,434,44º 31',-122º 5',3690,DALO,
OR,DERR. ,19E03S,440,44º 26',-119º 55',5850,DERO,
OR,DIAMOND LAKE ,22F18S,442,43º 11',-122º 8',5280,DIAO,
OR,EILERTSON MEADOWS ,18E03S,464,44º 52',-118º 6',5510,EIMO,
OR,EMIGRANT SPRINGS ,18D04S,470,45º 33',-118º 27',3800,ESPO,
OR,FISH CREEK ,18G02S,477,42º 42',-118º 37',7660,FCKO,
OR,FISH LK. ,22G14S,479,42º 22',-122º 20',4660,FISO,
OR,FOURMILE LAKE ,22G12S,483,42º 26',-122º 13',5970,FORO,
OR,GERBER RESERVOIR ,21G04S,945,42º 12',-121º 8',4890,,
OR,GOLD CENTER ,18E08S,494,44º 45',-118º 18',5410,GLDO,
OR,GREENPOINT ,21D01S,504,45º 37',-121º 42',3310,GRPO,
OR,HIGH RIDGE ,18D19S,523,45º 41',-118º 6',4920,HIRO,
OR,HOGG PASS ,21E06S,526,44º 25',-121º 51',4790,HOPO,
OR,HOLLAND MEADOWS ,22F42S,529,43º 40',-122º 34',4930,HLMO,
OR,HOWARD PRAIRIE ,22G26S,1158,42º 12',-122º 22',4540,,
OR,IRISH TAYLOR ,21F21S,545,43º 48',-121º 56',5540,BEDO,
OR,JUMP OFF JOE ,22E07S,552,44º 23',-122º 10',3520,JOJO,
OR,KING MOUNTAIN ,23G09S,558,42º 43',-123º 12',4340,KIMO,
OR,LAKE CREEK R.S. ,18E18S,563,44º 12',-118º 38',5240,LKCO,
OR,LITTLE MEADOWS ,22E09S,584,44º 36',-122º 13',4020,LMDO,
OR,LUCKY STRIKE ,18D06S,605,45º 16',-118º 50',4970,LUKO,
OR,MADISON BUTTE ,19D03S,608,45º 6',-119º 29',5150,MDBO,
OR,MARION FORKS ,21E04S,614,44º 35',-121º 58',2590,MRFO,
OR,MCKENZIE ,21E07S,619,44º 12',-121º 52',4770,MKZO,
OR,MILK SHAKES ,17D20S,1079,45º 58',-117º 56',5580,,
OR,MILLER WOODS ,23D03S,1084,45º 14',-123º 16',420,,
OR,MOSS SPRINGS ,17D06S,647,45º 16',-117º 41',5760,MOSO,
OR,MT HOOD TEST SITE ,21D08S,651,45º 19',-121º 42',5370,MTHO,
OR,MT. HOWARD ,17D18S,653,45º 15',-117º 10',7910,MHWO,
OR,MUD RIDGE ,21D35S,655,45º 15',-121º 44',4070,MUDO,
OR,NEW CRESCENT LAKE ,21F10S,660,43º 30',-121º 58',4910,NCLO,
OR,NORTH FORK ,22D02S,666,45º 33',-122º 0',3060,NFRO,
OR,OCHOCO MEADOWS ,20E02S,671,44º 25',-120º 19',5430,OCMO,
OR,PEAVINE RIDGE ,21D14S,687,45º 2',-121º 55',3420,PVRO,
OR,QUARTZ MOUNTAIN ,20G06S,706,42º 19',-120º 49',5720,QRMO,
OR,RAILROAD OVERPASS ,22F05S,710,43º 39',-122º 12',2680,RROO,
OR,RED HILL ,21D04S,712,45º 27',-121º 42',4410,REDO,
OR,ROARING RIVER ,22F43S,719,43º 54',-122º 1',4950,RORO,
OR,ROCK SPRINGS ,18F01S,721,44º 0',-118º 50',5290,RCSO,
OR,SADDLE MOUNTAIN ,23D01S,726,45º 32',-123º 22',3110,SDMO,
OR,SALT CREEK FALLS ,22F04S,729,43º 36',-122º 7',4220,SCFO,
OR,SANTIAM JCT. ,21E05S,733,44º 26',-121º 56',3740,SAJO,
OR,SCHNEIDER MEADOWS ,17D08S,736,45º 0',-117º 9',5400,SCHO,
OR,SEINE CREEK ,23D02S,743,45º 31',-123º 17',2060,SECO,
OR,SEVENMILE MARSH ,22G33S,745,42º 41',-122º 8',5700,SVMO,
OR,SILVER CREEK ,21F12S,756,42º 57',-121º 10',5740,SVCO,
OR,SILVIES ,18G01S,759,42º 45',-118º 41',6990,SLVO,
OR,SMITH RIDGE ,22E11S,1167,44º 18',-122º 5',3330,,
OR,SNOW MOUNTAIN ,19F01S,767,43º 56',-119º 32',6230,SNWO,
OR,SOUTH FORK BULL RUN ,22D03S,925,45º 26',-122º 1',2690,,
OR,STARR RIDGE ,19E07S,789,44º 15',-119º 1',5250,STRO,
OR,STRAWBERRY ,20G09S,794,42º 7',-120º 50',5770,STWO,
OR,SUMMER RIM ,20G02S,800,42º 41',-120º 48',7080,SMRO,
OR,SUMMIT LAKE ,22F14S,801,43º 26',-122º 8',5610,SMLO,
OR,SUN PASS ,21G17S,1078,42º 47',-121º 58',5400,,
OR,SWAN LAKE MTN ,21G16S,1077,42º 24',-121º 40',6830,,
OR,TAYLOR BUTTE ,21G03S,810,42º 41',-121º 25',5030,TYBO,
OR,TAYLOR GREEN ,17D07S,812,45º 4',-117º 33',5740,TYLO,
OR,THREE CREEKS MEADOW ,21E13S,815,44º 8',-121º 38',5690,TCMO,
OR,TIPTON ,18E09S,821,44º 39',-118º 25',5150,TIPO,
OR,TOKETEE AIRSTRIP ,22F45S,1044,43º 13',-122º 25',3240,,
OR,WOLF CREEK ,18D21S,873,45º 4',-118º 9',5630,WFCO,
SD,BLIND PARK ,03E03S,354,44º 6',-103º 58',6890,,
SD,NORTH RAPID CREEK ,03E05S,920,44º 12',-103º 47',6130,,
UT,AGUA CANYON ,12M26S,907,37º 31',-112º 16',8900,,
UT,BEAR RIVER RS ,10J17S,992,40º 53',-110º 49',8500,,
UT,BEAVER DAMS ,11K13S,329,39º 8',-111º 33',7970,,
UT,BEAVER DIVIDE ,11J46S,330,40º 36',-111º 5',8280,,
UT,BEN LOMOND PEAK ,11H08S,332,41º 22',-111º 56',8000,,
UT,BEN LOMOND TRAIL ,11H30S,333,41º 22',-111º 55',5829,,
UT,BIG FLAT ,12L07S,339,38º 18',-112º 21',10349,,
UT,BIRD CREEK ,14K01S,1155,39º 27',-114º 38',7900,,
UT,BLACK FLAT-U.M. CK ,11L04S,348,38º 40',-111º 35',9462,,
UT,BLACKS FORK JCT ,10J22S,1162,40º 57',-110º 34',8870,,
UT,BOX CREEK ,12L04S,364,38º 30',-112º 1',9828,,
UT,BRIAN HEAD ,12M14S,1154,37º 40',-112º 51',9972,,
UT,BRIGHTON ,11J57S,366,40º 35',-111º 34',8750,,
UT,BROWN DUCK ,10J30S,368,40º 34',-110º 35',10600,,
UT,BUCK FLAT ,11K31S,371,39º 8',-111º 26',9430,,
UT,BUCKBOARD FLAT ,09M01S,1153,37º 52',-109º 26',8998,,
UT,BUG LAKE ,11H37S,374,41º 41',-111º 25',7950,,
UT,BURTS MILLER RANCH ,10J06S,1135,40º 59',-110º 51',8000,,
UT,CAMP JACKSON ,09M02S,383,37º 48',-109º 29',8968,,
UT,CASCADE MOUNTAIN ,11J70S,1039,40º 16',-111º 36',7702,,
UT,CASTLE VALLEY ,12M13S,390,37º 39',-112º 44',9580,,
UT,CAVE MOUNTAIN ,14K08S,1152,39º 9',-114º 36',10510,,
UT,CHALK CREEK #1 ,11J01S,392,40º 51',-111º 2',8993,,
UT,CHALK CREEK #2 ,11J02S,393,40º 53',-111º 4',8158,,
UT,CHEPETA ,10J43S,396,40º 46',-110º 0',10592,,
UT,CLAYTON SPRINGS ,11M06S,983,37º 58',-111º 49',10049,,
UT,CLEAR CREEK #1 ,11K21S,399,39º 51',-111º 16',8908,,
UT,CLEAR CREEK #2 ,11K22S,400,39º 53',-111º 15',7659,,
UT,CURRANT CREEK ,11J32S,432,40º 21',-111º 5',8000,,
UT,DANIELS-STRAWBERRY ,11J23S,435,40º 17',-111º 15',8037,,
UT,DILL'S CAMP ,11K15S,444,39º 2',-111º 28',9182,,
UT,DONKEY RESERVOIR ,11L05S,452,38º 12',-111º 28',9800,,
UT,DRY BREAD POND ,11H55S,455,41º 24',-111º 32',8350,,
UT,DRY FORK ,12J09S,906,40º 33',-112º 10',7093,,
UT,EAST WILLOW CREEK ,09K01S,461,39º 18',-109º 31',8301,,
UT,EF BLACKS FORK GS ,10J21S,1163,40º 53',-110º 32',9308,,
UT,FARMINGTON ,11J11S,474,40º 58',-111º 48',8000,,
UT,FARMINGTON LOWER ,11J12S,1054,40º 59',-111º 49',6779,,
UT,FARNSWORTH LAKE ,11L01S,475,38º 46',-111º 40',9682,,
UT,FISH LAKE UTAH ,11L03S,1149,38º 30',-111º 46',8818,,
UT,FIVE POINTS LAKE ,10J26S,481,40º 43',-110º 28',10940,,
UT,GARDEN CITY SUMMIT ,11H07S,1114,41º 55',-111º 28',7600,,
UT,GARDNER PEAK ,13M07S,1066,37º 24',-113º 27',8322,,
UT,GEORGE CREEK ,13H05S,1151,41º 54',-113º 24',8994,,
UT,GOOSEBERRY R.S. ,11L12S,495,38º 48',-111º 40',7950,,
UT,GUTZ PEAK ,13M06S,1065,37º 29',-113º 56',6763,,
UT,HARDSCRABBLE ,11J37S,896,40º 52',-111º 43',7250,,
UT,HARRIS FLAT ,12M05S,514,37º 29',-112º 34',7787,,
UT,HAYDEN FORK ,10J44S,517,40º 47',-110º 53',9212,,
UT,HEWINTA ,10J04S,521,40º 57',-110º 29',9519,,
UT,HICKERSON PARK ,09J08S,522,40º 54',-109º 57',9145,,
UT,HOLE-IN-ROCK ,10J01S,528,40º 55',-110º 11',9150,,
UT,HORSE RIDGE ,11H21S,533,41º 18',-111º 26',8160,,
UT,INDIAN CANYON ,10K01S,543,39º 53',-110º 44',9175,,
UT,JONES CORRAL ,12L20S,1099,38º 4',-112º 10',9749,,
UT,KALAMAZOO ,14K10S,1150,39º 33',-114º 37',7965,,
UT,KILFOIL CREEK ,11H31S,1145,41º 14',-111º 24',7400,,
UT,KIMBERLY MINE ,12L06S,557,38º 29',-112º 23',9129,,
UT,KING'S CABIN ,09J01S,559,40º 42',-109º 32',8724,,
UT,KLONDIKE NARROWS ,11H01S,1115,41º 58',-111º 35',7400,,
UT,KOLOB ,13M05S,561,37º 31',-113º 3',9206,,
UT,LAKEFORK #1 ,10J10S,566,40º 35',-110º 25',10415,,
UT,LAKEFORK #3 ,10J12S,1116,40º 33',-110º 21',8464,,
UT,LAKEFORK BASIN ,10J25S,567,40º 44',-110º 37',10966,,
UT,LASAL MOUNTAIN ,09L03S,572,38º 28',-109º 16',9560,,
UT,LIGHTNING RIDGE ,11H59S,1056,41º 21',-111º 29',8215,,
UT,LILY LAKE ,10J35S,579,40º 51',-110º 47',9156,,
UT,LITTLE BEAR ,11H25S,582,41º 24',-111º 49',6544,,
UT,LITTLE GRASSY ,13M04S,583,37º 29',-113º 50',6100,,
UT,LONG FLAT ,13M02S,592,37º 30',-113º 23',8000,,
UT,LONG VALLEY JCT ,12M06S,593,37º 29',-112º 30',7464,,
UT,LOOKOUT PEAK ,11J64S,596,40º 50',-111º 42',8200,,
UT,LOST CREEK RESV ,11H32S,1118,41º 13',-111º 21',6083,,
UT,LOUIS MEADOW ,11J69S,972,40º 49',-111º 45',6700,,
UT,MAMMOTH-COTTONWOOD ,11K03S,612,39º 40',-111º 19',8727,,
UT,MERCHANT VALLEY ,12L12S,621,38º 18',-112º 26',8703,,
UT,MIDWAY VALLEY ,12M23S,626,37º 34',-112º 50',9800,,
UT,MILL-D NORTH ,11J65S,628,40º 39',-111º 38',8967,,
UT,MINING FORK ,12J07S,631,40º 29',-112º 36',8221,,
UT,MONTE CRISTO ,11H57S,634,41º 27',-111º 29',8960,,
UT,MOSBY MTN. ,09J05S,643,40º 36',-109º 53',9510,,
UT,OAK CREEK ,12K02S,1146,39º 20',-112º 11',7772,,
UT,PANGUITCH LAKE R.S. ,12M07S,1148,37º 42',-112º 39',8350,,
UT,PARLEY'S SUMMIT ,11J52S,684,40º 45',-111º 37',7500,,
UT,PARRISH CREEK ,11J68S,971,40º 56',-111º 48',7740,,
UT,PAYSON R.S. ,11K52S,686,39º 55',-111º 37',8066,,
UT,PICKLE KEG ,11K39S,691,39º 0',-111º 34',9600,,
UT,PINE CREEK ,12L15S,694,38º 57',-112º 14',8790,,
UT,RED PINE RIDGE ,11K28S,714,39º 27',-111º 16',9009,,
UT,ROCK CREEK ,10J18S,720,40º 32',-110º 41',7889,,
UT,ROCKY BASIN-SETTLEME,12J06S,723,40º 26',-112º 13',8900,,
UT,SEELEY CREEK ,11K09S,742,39º 18',-111º 25',9910,,
UT,SMITH & MOREHOUSE ,11J53S,763,40º 47',-111º 7',7600,,
UT,SNOWBIRD ,11J42S,766,40º 33',-111º 39',9640,,
UT,SPIRIT LK ,10J55S,1117,40º 50',-110º 0',10223,,
UT,SQUAW SPRINGS ,12L05S,1156,38º 29',-112º 0',9105,,
UT,STEEL CREEK PARK ,10J20S,790,40º 54',-110º 30',10200,,
UT,STRAWBERRY DIVIDE ,11J08S,795,40º 11',-111º 13',8123,,
UT,TEMPLE FORK ,11H58S,1013,41º 47',-111º 32',7406,,
UT,THAYNES CANYON ,11J56S,814,40º 37',-111º 31',9230,,
UT,TIMBERLINE ,10K06S,1097,39º 40',-110º 26',8684,,
UT,TIMPANOGOS DIVIDE ,11J21S,820,40º 25',-111º 36',8140,,
UT,TONY GROVE LAKE ,11H36S,823,41º 53',-111º 37',8386,,
UT,TONY GROVE RS ,11H03S,1113,41º 53',-111º 34',6250,,
UT,TRIAL LAKE ,10J52S,828,40º 40',-110º 56',9992,,
UT,TROUT CREEK ,09J16S,833,40º 44',-109º 40',9518,,
UT,USU DOC DANIEL ,11H60S,1098,41º 54',-111º 30',8270,,
UT,VERNON CREEK ,12K01S,844,39º 56',-112º 24',7401,,
UT,WEBSTER FLAT ,12M03S,853,37º 34',-112º 54',9170,,
UT,WHITE RIVER #1 ,10K02S,864,39º 57',-110º 59',8641,,
UT,WIDTSOE #3 ,11M03S,865,37º 50',-111º 52',9640,,
WA,ALPINE MEADOWS ,21B48S,908,47º 46',-121º 41',3500,APSW,
WA,BEAVER PASS ,21A01S,990,48º 52',-121º 15',3630,,
WA,BLEWETT PASS ,20B02S,352,47º 21',-120º 40',4240,BPAW,
WA,BROWN TOP ,21A28S,1080,48º 55',-121º 11',5830,,
WA,BUCKINGHORSE ,23B18S,1107,47º 42',-123º 27',4870,,
WA,BUMPING RIDGE ,21C38S,375,46º 48',-121º 19',4610,BRGW,
WA,BUNCHGRASS MDW ,17A01S,376,48º 41',-117º 10',5000,BGMW,
WA,BURNT MOUNTAIN ,21B63S,942,47º 2',-121º 56',4170,,
WA,CALAMITY ,22D01S,1109,45º 54',-122º 12',2500,,
WA,CAYUSE PASS ,21C41S,1085,46º 52',-121º 32',5240,CAYW,
WA,CORRAL PASS ,21B13S,418,47º 1',-121º 27',5800,COPW,
WA,COUGAR MOUNTAIN ,21B42S,420,47º 16',-121º 40',3200,CUMW,
WA,DUNGENESS ,23B16S,943,47º 52',-123º 4',4010,,
WA,EASY PASS ,21A07S,998,48º 51',-121º 26',5270,,
WA,ELBOW LAKE ,21A32S,910,48º 41',-121º 54',3040,ELSW,
WA,FISH LAKE ,21B04S,478,47º 32',-121º 5',3430,FISW,
WA,GOLD AXE CAMP ,18A26S,1159,48º 57',-118º 59',5360,,
WA,GREEN LAKE ,21C10S,502,46º 32',-121º 10',5920,GRLW,
WA,GROUSE CAMP ,20B11S,507,47º 16',-120º 29',5390,GRCW,
WA,HARTS PASS ,20A05S,515,48º 43',-120º 39',6490,HRPW,
WA,HOZOMEEN CAMP ,21A35S,991,48º 58',-121º 4',1690,,
WA,HUCKLEBERRY CREEK ,21B62S,928,47º 3',-121º 35',2250,,
WA,INDIAN ROCK ,20D02S,1129,45º 59',-120º 48',5360,,
WA,JUNE LAKE ,22C09S,553,46º 8',-122º 9',3440,MRBW,
WA,LONE PINE ,21C26S,591,46º 16',-121º 57',3930,LPSW,
WA,LOST HORSE ,21C39S,599,46º 21',-121º 4',5120,LOHW,
WA,LYMAN LAKE ,20A23S,606,48º 11',-120º 55',5980,LYLW,
WA,LYNN LAKE ,21B50S,1069,47º 12',-121º 46',3900,,
WA,MARTEN RIDGE ,21A09S,999,48º 45',-121º 41',3520,,
WA,MEADOWS PASS ,21B59S,897,47º 16',-121º 28',3230,MPSW,
WA,MF NOOKSACK ,21A36S,1011,48º 49',-121º 55',4970,,
WA,MORSE LAKE ,21C17S,642,46º 54',-121º 28',5410,MLSW,
WA,MOSES MTN ,19A13S,644,48º 21',-119º 4',5010,MMSW,
WA,MOUNT CRAG ,23B06S,648,47º 45',-123º 1',3960,MTCW,
WA,MOUNT GARDNER ,21B21S,898,47º 21',-121º 34',2920,MGSW,
WA,MOWICH ,21C40S,941,46º 55',-121º 57',3160,,
WA,OLALLIE MEADOWS ,21B55S,672,47º 22',-121º 26',4030,OMWW,
WA,PARADISE ,21C35S,679,46º 46',-121º 44',5130,AFSW,
WA,PARK CREEK RIDGE ,20A12S,681,48º 26',-120º 54',4600,PCRW,
WA,PEPPER CREEK ,21C42S,1104,46º 6',-121º 57',2140,,
WA,PIGTAIL PEAK ,21C33S,692,46º 37',-121º 23',5800,PGPW,
WA,POPE RIDGE ,20B24S,699,47º 59',-120º 33',3590,PPRW,
WA,POTATO HILL ,21C14S,702,46º 20',-121º 30',4510,PTHW,
WA,QUARTZ PEAK ,17B04S,707,47º 52',-117º 5',4700,QUPW,
WA,RAINY PASS ,20A09S,711,48º 31',-120º 44',4890,RAIW,
WA,REX RIVER ,21B17S,911,47º 18',-121º 36',3810,RXSW,
WA,SALMON MEADOWS ,19A02S,728,48º 39',-119º 50',4460,SAMW,
WA,SASSE RIDGE ,21B51S,734,47º 23',-121º 3',4340,SASW,
WA,SAWMILL RIDGE ,21B31S,1068,47º 9',-121º 25',4640,,
WA,SENTINEL BUTTE ,18A21S,1043,48º 51',-118º 23',4680,,
WA,SHEEP CANYON ,22C10S,748,46º 11',-122º 15',3990,SHPW,
WA,SKOOKUM CREEK ,21B60S,912,47º 41',-121º 36',3310,KUSW,
WA,SOURDOUGH GULCH ,17C06S,985,46º 14',-117º 23',4000,,
WA,SPENCER MEADOW ,21C20S,776,46º 10',-121º 55',3400,SPMW,
WA,SPIRIT LAKE ,22C12S,777,46º 15',-122º 10',3520,SPTW,
WA,SPRUCE SPRINGS ,17C04S,984,46º 10',-117º 32',5700,,
WA,STAMPEDE PASS ,21B10S,788,47º 16',-121º 20',3850,SMPW,
WA,STEVENS PASS ,21B01S,791,47º 44',-121º 5',3950,SVNW,
WA,STICKNEY RIDGE ,21B58S,1157,47º 55',-121º 37',3810,,
WA,SURPRISE LAKES ,21C13S,804,46º 5',-121º 45',4290,SPLW,
WA,SWAMP CREEK ,20A41S,975,48º 34',-120º 46',3930,,
WA,SWIFT CREEK ,22C13S,1012,46º 9',-122º 11',4440,,
WA,THUNDER BASIN ,20A07S,817,48º 31',-120º 59',4320,THBW,
WA,TINKHAM CREEK ,21B20S,899,47º 19',-121º 28',2990,TKSW,
WA,TOUCHET ,17C05S,824,46º 7',-117º 51',5530,TOHW,
WA,TRINITY ,20A46S,1171,48º 4',-120º 50',2930,,
WA,TROUGH ,20B25S,832,47º 13',-120º 17',5480,TRGW,
WA,UPPER WHEELER ,20B07S,841,47º 17',-120º 22',4330,UPWW,
WA,WATERHOLE ,23B17S,974,47º 56',-123º 25',5010,,
WA,WELLS CREEK ,21A31S,909,48º 51',-121º 47',4030,WCSW,
WA,WHITE PASS E.S. ,21C28S,863,46º 38',-121º 22',4440,WHPW,
WY,BALD MTN. ,07E21S,309,44º 48',-107º 50',9380,,
WY,BASE CAMP ,10F02S,314,43º 56',-110º 26',7030,BSCY,
WY,BATTLE MOUNTAIN ,07H04S,317,41º 3',-107º 15',7440,,
WY,BEAR TRAP MEADOW ,07F01S,325,43º 53',-107º 3',8200,,
WY,BEARTOOTH LAKE ,09E10S,326,44º 56',-109º 34',9360,,
WY,BIG GOOSE ,07E32S,931,44º 34',-107º 12',7990,,
WY,BIG SANDY OPENING ,09G09S,342,42º 38',-109º 15',9080,,
WY,BLACKHALL MTN ,06H26S,1119,41º 3',-106º 42',9820,,
WY,BLACKWATER ,09E13S,350,44º 22',-109º 47',9780,,
WY,BLIND BULL SUM ,10G02S,353,42º 57',-110º 36',8650,BBSY,
WY,BONE SPRINGS DIV ,07E18S,358,44º 40',-107º 34',9350,,
WY,BROOKLYN LAKE ,06H13S,367,41º 21',-106º 13',10240,,
WY,BURGESS JUNCTION ,07E33S,377,44º 47',-107º 31',7880,,
WY,BURROUGHS CREEK ,09F04S,379,43º 41',-109º 40',8750,,
WY,CANYON ,10E03S,384,44º 43',-110º 30',7870,,
WY,CASPER MTN. ,06G01S,389,42º 44',-106º 19',7900,,
WY,CASTLE CREEK ,09F20S,1130,43º 40',-109º 22',8400,,
WY,CINNABAR PARK ,06H24S,1046,41º 14',-106º 13',9574,,
WY,CLOUD PEAK RESERVOIR,07E36S,402,44º 24',-107º 3',9860,,
WY,COLD SPRINGS ,09F25S,405,43º 16',-109º 26',9630,,
WY,COLE CANYON ,04E07S,982,44º 29',-104º 24',5910,,
WY,COTTONWOOD CREEK ,10G25S,419,42º 38',-110º 48',7670,CLWY,
WY,CROW CREEK ,05H02S,1045,41º 13',-105º 22',8330,,
WY,DEER PARK ,08G10S,923,42º 35',-108º 54',9700,,
WY,DIVIDE PEAK ,07H05S,449,41º 18',-107º 9',8880,,
WY,DOME LAKE ,07E34S,451,44º 34',-107º 17',8880,,
WY,EAST RIM DIVIDE ,10F17S,460,43º 7',-110º 12',7930,ERDY,
WY,ELKHART PARK G.S. ,09F23S,468,43º 0',-109º 45',9400,,
WY,EVENING STAR ,09E11S,472,44º 39',-109º 47',9200,,
WY,GRAND TARGHEE ,10F30S,1082,43º 46',-110º 55',9260,GTHY,
WY,GRANITE CREEK ,10F29S,497,43º 20',-110º 26',6770,GRCY,
WY,GRASSY LAKE ,10E15S,499,44º 7',-110º 50',7265,GRLY,
WY,GRAVE SPRINGS ,07F06S,501,43º 27',-107º 14',8550,,
WY,GROS VENTRE SUMMIT ,10F19S,506,43º 23',-110º 7',8750,GRVY,
WY,GUNSIGHT PASS ,09F28S,944,43º 22',-109º 52',9820,GSPY,
WY,HAMS FORK ,10G24S,509,42º 8',-110º 40',7840,,
WY,HANSEN SAWMILL ,06E03S,512,44º 15',-106º 58',8360,,
WY,HOBBS PARK ,09G03S,525,42º 52',-109º 5',10100,,
WY,INDIAN CREEK ,10G22S,544,42º 18',-110º 40',9425,,
WY,KELLEY R.S. ,10G12S,554,42º 16',-110º 48',8180,,
WY,KENDALL R.S. ,10F15S,555,43º 14',-110º 0',7740,,
WY,KIRWIN ,09F24S,560,43º 51',-109º 19',9550,,
WY,LAPRELE CREEK ,05G04S,571,42º 26',-105º 51',8375,,
WY,LARSEN CREEK ,09G06S,1134,42º 34',-109º 5',9000,,
WY,LEWIS LAKE DIVIDE ,10E09S,577,44º 12',-110º 39',7850,LWSY,
WY,LITTLE GOOSE ,07E40S,1131,44º 32',-107º 10',8870,,
WY,LITTLE SNAKE RIVER ,06H25S,1047,41º 4',-106º 56',8915,,
WY,LITTLE WARM ,09F08S,585,43º 30',-109º 45',9370,,
WY,LOOMIS PARK ,10F16S,597,43º 10',-110º 8',8240,LOPY,
WY,MARQUETTE ,09E09S,616,44º 18',-109º 14',8760,,
WY,MIDDLE POWDER ,07F02S,625,43º 37',-107º 10',7760,,
WY,NEW FORK LAKE ,09F21S,661,43º 6',-109º 56',8340,,
WY,NORTH FRENCH CREEK ,06H20S,668,41º 19',-106º 22',10130,,
WY,OLD BATTLE ,06H10S,673,41º 9',-106º 58',10000,,
WY,OWL CREEK ,08F01S,676,43º 39',-109º 0',8975,,
WY,PARKER PEAK ,09E07S,683,44º 44',-109º 54',9400,,
WY,PHILLIPS BENCH ,10F23S,689,43º 31',-110º 54',8200,PHBY,
WY,POCKET CREEK ,09G11S,1133,42º 42',-109º 24',9360,,
WY,POWDER RIVER PASS ,07E06S,703,44º 9',-107º 7',9480,,
WY,RENO HILL ,06G02S,716,42º 34',-106º 5',8400,,
WY,SAGE CREEK BASIN ,07H06S,1015,41º 24',-107º 15',7850,,
WY,SALT RIVER SUMMIT ,10G08S,730,42º 30',-110º 54',7760,SLTY,
WY,SAND LAKE ,06H23S,731,41º 27',-106º 16',10050,,
WY,SANDSTONE RS ,07H03S,732,41º 6',-107º 10',8150,,
WY,SHELL CREEK ,07E23S,751,44º 30',-107º 25',9580,,
WY,SNAKE RIVER STATION ,10E12S,764,44º 8',-110º 40',6920,,
WY,SNIDER BASIN ,10G13S,765,42º 29',-110º 31',8060,SNIY,
WY,SOLDIER PARK ,07E05S,1132,44º 20',-107º 1',8720,,
WY,SOUTH BRUSH CREEK ,06H19S,772,41º 19',-106º 30',8440,,
WY,SOUTH PASS ,08G03S,775,42º 34',-108º 50',9040,,
WY,SPRING CREEK DIVIDE ,10G20S,779,42º 31',-110º 39',9000,SCDY,
WY,ST. LAWRENCE ALT ,09F27S,786,43º 1',-109º 10',8620,,
WY,SUCKER CREEK ,07E12S,798,44º 43',-107º 24',8880,,
WY,SYLVAN LAKE ,10E06S,806,44º 28',-110º 9',8420,,
WY,SYLVAN ROAD ,10E20S,807,44º 28',-110º 2',7120,,
WY,THUMB DIVIDE ,10E07S,816,44º 22',-110º 34',7980,THMY,
WY,TIE CREEK ,07E39S,818,44º 48',-107º 24',6870,,
WY,TIMBER CREEK ,09E03S,819,44º 1',-109º 10',7950,,
WY,TOGWOTEE PASS ,10F09S,822,43º 44',-110º 3',9580,TOGY,
WY,TOWNSEND CREEK ,08G07S,826,42º 41',-108º 53',8700,,
WY,TRIPLE PEAK ,10G15S,831,42º 45',-110º 35',8500,TRPY,
WY,TWO OCEAN PLATEAU ,10E17S,837,44º 9',-110º 13',9240,TOPY,
WY,WEBBER SPRINGS ,06H09S,852,41º 9',-106º 55',9250,,
WY,WHISKEY PARK ,06H22S,859,41º 0',-106º 54',8950,,
WY,WILLOW CREEK ,10G23S,868,42º 48',-110º 50',8380,WILY,
WY,WINDY PEAK ,05G05S,872,42º 16',-105º 34',7900,,
WY,WOLVERINE ,09E08S,875,44º 48',-109º 39',7650,,
WY,YOUNTS PEAK ,09F18S,878,43º 55',-109º 49',8350,,
